<?xml version="1.0"?>
<!--<!DOCTYPE metadata SYSTEM "http://www.esri.com/metadata/esriprof80.dtd">-->
<metadata xml:lang="en"><Esri><MetaID>{F7CCDFF2-452B-4A66-B2E5-3D3DC5475867}</MetaID><CreaDate>20110222</CreaDate><CreaTime>16145200</CreaTime><SyncOnce>FALSE</SyncOnce><SyncDate>20110427</SyncDate><SyncTime>10352100</SyncTime><ModDate>20110427</ModDate><ModTime>10352100</ModTime><DataProperties><lineage><Process ToolSource="C:\Program Files\ArcGIS\ArcToolbox\Toolboxes\Conversion Tools.tbx\FeatureClassToFeatureClass" Date="20110222" Time="161458">FeatureClassToFeatureClass C:\WorkSpace\temp\blk2010.shp "Database Connections\Connection to gis-db10.Lian.sde\LIAN.CENSUS2010" BLK2010 # "OBJECTID 'OBJECTID' true true false 10 Double 0 10 ,First,#,C:\WorkSpace\temp\blk2010.shp,OBJECTID,-1,-1;ALAND10 'ALAND10' true true false 19 Double 8 18 ,First,#,C:\WorkSpace\temp\blk2010.shp,ALAND10,-1,-1;AWATER10 'AWATER10' true true false 19 Double 8 18 ,First,#,C:\WorkSpace\temp\blk2010.shp,AWATER10,-1,-1;STUSAB 'STUSAB' true true false 2 Text 0 0 ,First,#,C:\WorkSpace\temp\blk2010.shp,STUSAB,-1,-1;SUMLEV 'SUMLEV' true true false 6 Text 0 0 ,First,#,C:\WorkSpace\temp\blk2010.shp,SUMLEV,-1,-1;STATE 'STATE' true true false 6 Text 0 0 ,First,#,C:\WorkSpace\temp\blk2010.shp,STATE,-1,-1;COUNTY 'COUNTY' true true false 6 Text 0 0 ,First,#,C:\WorkSpace\temp\blk2010.shp,COUNTY,-1,-1;BLK2010 'BLK2010' true true false 16 Text 0 0 ,First,#,C:\WorkSpace\temp\blk2010.shp,BLK2010,-1,-1;TRACT 'TRACT' true true false 8 Text 0 0 ,First,#,C:\WorkSpace\temp\blk2010.shp,TRACT,-1,-1;BLKGRP 'BLKGRP' true true false 6 Text 0 0 ,First,#,C:\WorkSpace\temp\blk2010.shp,BLKGRP,-1,-1;BLOCK 'BLOCK' true true false 5 Text 0 0 ,First,#,C:\WorkSpace\temp\blk2010.shp,BLOCK,-1,-1;NAME 'NAME' true true false 24 Text 0 0 ,First,#,C:\WorkSpace\temp\blk2010.shp,NAME,-1,-1;LATITUDE 'LATITUDE' true true false 24 Text 0 0 ,First,#,C:\WorkSpace\temp\blk2010.shp,LATITUDE,-1,-1;LONGITUDE 'LONGITUDE' true true false 15 Text 0 0 ,First,#,C:\WorkSpace\temp\blk2010.shp,LONGITUDE,-1,-1;TOTAL 'TOTAL' true true false 7 Long 0 7 ,First,#,C:\WorkSpace\temp\blk2010.shp,TOTAL,-1,-1;ONE_RACE 'ONE_RACE' true true false 7 Long 0 7 ,First,#,C:\WorkSpace\temp\blk2010.shp,ONE_RACE,-1,-1;WHITE 'WHITE' true true false 7 Long 0 7 ,First,#,C:\WorkSpace\temp\blk2010.shp,WHITE,-1,-1;BLACK 'BLACK' true true false 7 Long 0 7 ,First,#,C:\WorkSpace\temp\blk2010.shp,BLACK,-1,-1;AIAN 'AIAN' true true false 7 Long 0 7 ,First,#,C:\WorkSpace\temp\blk2010.shp,AIAN,-1,-1;ASIAN 'ASIAN' true true false 7 Long 0 7 ,First,#,C:\WorkSpace\temp\blk2010.shp,ASIAN,-1,-1;NHOPI 'NHOPI' true true false 7 Long 0 7 ,First,#,C:\WorkSpace\temp\blk2010.shp,NHOPI,-1,-1;OTHER 'OTHER' true true false 7 Long 0 7 ,First,#,C:\WorkSpace\temp\blk2010.shp,OTHER,-1,-1;MULT_RACE 'MULT_RACE' true true false 7 Long 0 7 ,First,#,C:\WorkSpace\temp\blk2010.shp,MULT_RACE,-1,-1;HL 'HL' true true false 7 Long 0 7 ,First,#,C:\WorkSpace\temp\blk2010.shp,HL,-1,-1;NHL 'NHL' true true false 7 Long 0 7 ,First,#,C:\WorkSpace\temp\blk2010.shp,NHL,-1,-1;NH_WHITE 'NH_WHITE' true true false 7 Long 0 7 ,First,#,C:\WorkSpace\temp\blk2010.shp,NH_WHITE,-1,-1;NH_BLACK 'NH_BLACK' true true false 7 Long 0 7 ,First,#,C:\WorkSpace\temp\blk2010.shp,NH_BLACK,-1,-1;NH_AIAN 'NH_AIAN' true true false 7 Long 0 7 ,First,#,C:\WorkSpace\temp\blk2010.shp,NH_AIAN,-1,-1;NH_ASIAN 'NH_ASIAN' true true false 7 Long 0 7 ,First,#,C:\WorkSpace\temp\blk2010.shp,NH_ASIAN,-1,-1;NH_NHOPI 'NH_NHOPI' true true false 7 Long 0 7 ,First,#,C:\WorkSpace\temp\blk2010.shp,NH_NHOPI,-1,-1;NH_OTHER 'NH_OTHER' true true false 7 Long 0 7 ,First,#,C:\WorkSpace\temp\blk2010.shp,NH_OTHER,-1,-1;NH_MULT_RA 'NH_MULT_RA' true true false 7 Long 0 7 ,First,#,C:\WorkSpace\temp\blk2010.shp,NH_MULT_RA,-1,-1" # "Database Connections\Connection to gis-db10.Lian.sde\LIAN.CENSUS2010\LIAN.BLK2010"</Process><Process ToolSource="C:\Program Files\ArcGIS\ArcToolbox\Toolboxes\Conversion Tools.tbx\FeatureClassToFeatureClass" Date="20110222" Time="162738">FeatureClassToFeatureClass "Database Connections\Connection to gis-db10.Lian.sde\LIAN.CENSUS2010\LIAN.BLK2010" "Database Connections\Connection to gis-db8.sde\SDE.CENSUS" BLOCK2010 # "OBJECTID 'OBJECTID' true true false 8 Double 0 10 ,First,#,Database Connections\Connection to gis-db10.Lian.sde\LIAN.CENSUS2010\LIAN.BLK2010,OBJECTID,-1,-1;ALAND10 'ALAND10' true true false 8 Double 8 19 ,First,#,Database Connections\Connection to gis-db10.Lian.sde\LIAN.CENSUS2010\LIAN.BLK2010,ALAND10,-1,-1;AWATER10 'AWATER10' true true false 8 Double 8 19 ,First,#,Database Connections\Connection to gis-db10.Lian.sde\LIAN.CENSUS2010\LIAN.BLK2010,AWATER10,-1,-1;STUSAB 'STUSAB' true true false 2 Text 0 0 ,First,#,Database Connections\Connection to gis-db10.Lian.sde\LIAN.CENSUS2010\LIAN.BLK2010,STUSAB,-1,-1;SUMLEV 'SUMLEV' true true false 6 Text 0 0 ,First,#,Database Connections\Connection to gis-db10.Lian.sde\LIAN.CENSUS2010\LIAN.BLK2010,SUMLEV,-1,-1;STATE 'STATE' true true false 6 Text 0 0 ,First,#,Database Connections\Connection to gis-db10.Lian.sde\LIAN.CENSUS2010\LIAN.BLK2010,STATE,-1,-1;COUNTY 'COUNTY' true true false 6 Text 0 0 ,First,#,Database Connections\Connection to gis-db10.Lian.sde\LIAN.CENSUS2010\LIAN.BLK2010,COUNTY,-1,-1;BLK2010 'BLK2010' true true false 16 Text 0 0 ,First,#,Database Connections\Connection to gis-db10.Lian.sde\LIAN.CENSUS2010\LIAN.BLK2010,BLK2010,-1,-1;TRACT 'TRACT' true true false 8 Text 0 0 ,First,#,Database Connections\Connection to gis-db10.Lian.sde\LIAN.CENSUS2010\LIAN.BLK2010,TRACT,-1,-1;BLKGRP 'BLKGRP' true true false 6 Text 0 0 ,First,#,Database Connections\Connection to gis-db10.Lian.sde\LIAN.CENSUS2010\LIAN.BLK2010,BLKGRP,-1,-1;BLOCK 'BLOCK' true true false 5 Text 0 0 ,First,#,Database Connections\Connection to gis-db10.Lian.sde\LIAN.CENSUS2010\LIAN.BLK2010,BLOCK,-1,-1;NAME 'NAME' true true false 24 Text 0 0 ,First,#,Database Connections\Connection to gis-db10.Lian.sde\LIAN.CENSUS2010\LIAN.BLK2010,NAME,-1,-1;LATITUDE 'LATITUDE' true true false 24 Text 0 0 ,First,#,Database Connections\Connection to gis-db10.Lian.sde\LIAN.CENSUS2010\LIAN.BLK2010,LATITUDE,-1,-1;LONGITUDE 'LONGITUDE' true true false 15 Text 0 0 ,First,#,Database Connections\Connection to gis-db10.Lian.sde\LIAN.CENSUS2010\LIAN.BLK2010,LONGITUDE,-1,-1;TOTAL 'TOTAL' true true false 4 Long 0 7 ,First,#,Database Connections\Connection to gis-db10.Lian.sde\LIAN.CENSUS2010\LIAN.BLK2010,TOTAL,-1,-1;ONE_RACE 'ONE_RACE' true true false 4 Long 0 7 ,First,#,Database Connections\Connection to gis-db10.Lian.sde\LIAN.CENSUS2010\LIAN.BLK2010,ONE_RACE,-1,-1;WHITE 'WHITE' true true false 4 Long 0 7 ,First,#,Database Connections\Connection to gis-db10.Lian.sde\LIAN.CENSUS2010\LIAN.BLK2010,WHITE,-1,-1;BLACK 'BLACK' true true false 4 Long 0 7 ,First,#,Database Connections\Connection to gis-db10.Lian.sde\LIAN.CENSUS2010\LIAN.BLK2010,BLACK,-1,-1;AIAN 'AIAN' true true false 4 Long 0 7 ,First,#,Database Connections\Connection to gis-db10.Lian.sde\LIAN.CENSUS2010\LIAN.BLK2010,AIAN,-1,-1;ASIAN 'ASIAN' true true false 4 Long 0 7 ,First,#,Database Connections\Connection to gis-db10.Lian.sde\LIAN.CENSUS2010\LIAN.BLK2010,ASIAN,-1,-1;NHOPI 'NHOPI' true true false 4 Long 0 7 ,First,#,Database Connections\Connection to gis-db10.Lian.sde\LIAN.CENSUS2010\LIAN.BLK2010,NHOPI,-1,-1;OTHER 'OTHER' true true false 4 Long 0 7 ,First,#,Database Connections\Connection to gis-db10.Lian.sde\LIAN.CENSUS2010\LIAN.BLK2010,OTHER,-1,-1;MULT_RACE 'MULT_RACE' true true false 4 Long 0 7 ,First,#,Database Connections\Connection to gis-db10.Lian.sde\LIAN.CENSUS2010\LIAN.BLK2010,MULT_RACE,-1,-1;HL 'HL' true true false 4 Long 0 7 ,First,#,Database Connections\Connection to gis-db10.Lian.sde\LIAN.CENSUS2010\LIAN.BLK2010,HL,-1,-1;NHL 'NHL' true true false 4 Long 0 7 ,First,#,Database Connections\Connection to gis-db10.Lian.sde\LIAN.CENSUS2010\LIAN.BLK2010,NHL,-1,-1;NH_WHITE 'NH_WHITE' true true false 4 Long 0 7 ,First,#,Database Connections\Connection to gis-db10.Lian.sde\LIAN.CENSUS2010\LIAN.BLK2010,NH_WHITE,-1,-1;NH_BLACK 'NH_BLACK' true true false 4 Long 0 7 ,First,#,Database Connections\Connection to gis-db10.Lian.sde\LIAN.CENSUS2010\LIAN.BLK2010,NH_BLACK,-1,-1;NH_AIAN 'NH_AIAN' true true false 4 Long 0 7 ,First,#,Database Connections\Connection to gis-db10.Lian.sde\LIAN.CENSUS2010\LIAN.BLK2010,NH_AIAN,-1,-1;NH_ASIAN 'NH_ASIAN' true true false 4 Long 0 7 ,First,#,Database Connections\Connection to gis-db10.Lian.sde\LIAN.CENSUS2010\LIAN.BLK2010,NH_ASIAN,-1,-1;NH_NHOPI 'NH_NHOPI' true true false 4 Long 0 7 ,First,#,Database Connections\Connection to gis-db10.Lian.sde\LIAN.CENSUS2010\LIAN.BLK2010,NH_NHOPI,-1,-1;NH_OTHER 'NH_OTHER' true true false 4 Long 0 7 ,First,#,Database Connections\Connection to gis-db10.Lian.sde\LIAN.CENSUS2010\LIAN.BLK2010,NH_OTHER,-1,-1;NH_MULT_RA 'NH_MULT_RA' true true false 4 Long 0 7 ,First,#,Database Connections\Connection to gis-db10.Lian.sde\LIAN.CENSUS2010\LIAN.BLK2010,NH_MULT_RA,-1,-1;SHAPE_AREA 'SHAPE_AREA' false false true 0 Double 0 0 ,First,#,Database Connections\Connection to gis-db10.Lian.sde\LIAN.CENSUS2010\LIAN.BLK2010,SHAPE.AREA,-1,-1;SHAPE_LEN 'SHAPE_LEN' false false true 0 Double 0 0 ,First,#,Database Connections\Connection to gis-db10.Lian.sde\LIAN.CENSUS2010\LIAN.BLK2010,SHAPE.LEN,-1,-1" # "Database Connections\Connection to gis-db8.sde\SDE.CENSUS\SDE.BLOCK2010"</Process><Process Name="FeatureClassToFeatureClass_1" ToolSource="C:\Program Files\ArcGIS\ArcToolbox\Toolboxes\Conversion Tools.tbx\FeatureClassToFeatureClass" Date="20110427" Time="103531">FeatureClassToFeatureClass "Database Connections\Connection to 172.30.32.76.sde\SDE.CENSUS\SDE.BLOCK2010" I:\shp_files\Census2010 blk.shp # "OBJECTID OBJECTID true true false 8 Double 0 10 ,First,#,Database Connections\Connection to 172.30.32.76.sde\SDE.CENSUS\SDE.BLOCK2010,OBJECTID,-1,-1;ALAND10 ALAND10 true true false 8 Double 8 19 ,First,#,Database Connections\Connection to 172.30.32.76.sde\SDE.CENSUS\SDE.BLOCK2010,ALAND10,-1,-1;AWATER10 AWATER10 true true false 8 Double 8 19 ,First,#,Database Connections\Connection to 172.30.32.76.sde\SDE.CENSUS\SDE.BLOCK2010,AWATER10,-1,-1;STUSAB STUSAB true true false 2 Text 0 0 ,First,#,Database Connections\Connection to 172.30.32.76.sde\SDE.CENSUS\SDE.BLOCK2010,STUSAB,-1,-1;SUMLEV SUMLEV true true false 6 Text 0 0 ,First,#,Database Connections\Connection to 172.30.32.76.sde\SDE.CENSUS\SDE.BLOCK2010,SUMLEV,-1,-1;STATE STATE true true false 6 Text 0 0 ,First,#,Database Connections\Connection to 172.30.32.76.sde\SDE.CENSUS\SDE.BLOCK2010,STATE,-1,-1;COUNTY COUNTY true true false 6 Text 0 0 ,First,#,Database Connections\Connection to 172.30.32.76.sde\SDE.CENSUS\SDE.BLOCK2010,COUNTY,-1,-1;BLK2010 BLK2010 true true false 16 Text 0 0 ,First,#,Database Connections\Connection to 172.30.32.76.sde\SDE.CENSUS\SDE.BLOCK2010,BLK2010,-1,-1;TRACT TRACT true true false 8 Text 0 0 ,First,#,Database Connections\Connection to 172.30.32.76.sde\SDE.CENSUS\SDE.BLOCK2010,TRACT,-1,-1;BLKGRP BLKGRP true true false 6 Text 0 0 ,First,#,Database Connections\Connection to 172.30.32.76.sde\SDE.CENSUS\SDE.BLOCK2010,BLKGRP,-1,-1;BLOCK BLOCK true true false 5 Text 0 0 ,First,#,Database Connections\Connection to 172.30.32.76.sde\SDE.CENSUS\SDE.BLOCK2010,BLOCK,-1,-1;NAME NAME true true false 24 Text 0 0 ,First,#,Database Connections\Connection to 172.30.32.76.sde\SDE.CENSUS\SDE.BLOCK2010,NAME,-1,-1;LATITUDE LATITUDE true true false 24 Text 0 0 ,First,#,Database Connections\Connection to 172.30.32.76.sde\SDE.CENSUS\SDE.BLOCK2010,LATITUDE,-1,-1;LONGITUDE LONGITUDE true true false 15 Text 0 0 ,First,#,Database Connections\Connection to 172.30.32.76.sde\SDE.CENSUS\SDE.BLOCK2010,LONGITUDE,-1,-1;TOTAL TOTAL true true false 4 Long 0 7 ,First,#,Database Connections\Connection to 172.30.32.76.sde\SDE.CENSUS\SDE.BLOCK2010,TOTAL,-1,-1;ONE_RACE ONE_RACE true true false 4 Long 0 7 ,First,#,Database Connections\Connection to 172.30.32.76.sde\SDE.CENSUS\SDE.BLOCK2010,ONE_RACE,-1,-1;WHITE WHITE true true false 4 Long 0 7 ,First,#,Database Connections\Connection to 172.30.32.76.sde\SDE.CENSUS\SDE.BLOCK2010,WHITE,-1,-1;BLACK BLACK true true false 4 Long 0 7 ,First,#,Database Connections\Connection to 172.30.32.76.sde\SDE.CENSUS\SDE.BLOCK2010,BLACK,-1,-1;AIAN AIAN true true false 4 Long 0 7 ,First,#,Database Connections\Connection to 172.30.32.76.sde\SDE.CENSUS\SDE.BLOCK2010,AIAN,-1,-1;ASIAN ASIAN true true false 4 Long 0 7 ,First,#,Database Connections\Connection to 172.30.32.76.sde\SDE.CENSUS\SDE.BLOCK2010,ASIAN,-1,-1;NHOPI NHOPI true true false 4 Long 0 7 ,First,#,Database Connections\Connection to 172.30.32.76.sde\SDE.CENSUS\SDE.BLOCK2010,NHOPI,-1,-1;OTHER OTHER true true false 4 Long 0 7 ,First,#,Database Connections\Connection to 172.30.32.76.sde\SDE.CENSUS\SDE.BLOCK2010,OTHER,-1,-1;MULT_RACE MULT_RACE true true false 4 Long 0 7 ,First,#,Database Connections\Connection to 172.30.32.76.sde\SDE.CENSUS\SDE.BLOCK2010,MULT_RACE,-1,-1;HL HL true true false 4 Long 0 7 ,First,#,Database Connections\Connection to 172.30.32.76.sde\SDE.CENSUS\SDE.BLOCK2010,HL,-1,-1;NHL NHL true true false 4 Long 0 7 ,First,#,Database Connections\Connection to 172.30.32.76.sde\SDE.CENSUS\SDE.BLOCK2010,NHL,-1,-1;NH_WHITE NH_WHITE true true false 4 Long 0 7 ,First,#,Database Connections\Connection to 172.30.32.76.sde\SDE.CENSUS\SDE.BLOCK2010,NH_WHITE,-1,-1;NH_BLACK NH_BLACK true true false 4 Long 0 7 ,First,#,Database Connections\Connection to 172.30.32.76.sde\SDE.CENSUS\SDE.BLOCK2010,NH_BLACK,-1,-1;NH_AIAN NH_AIAN true true false 4 Long 0 7 ,First,#,Database Connections\Connection to 172.30.32.76.sde\SDE.CENSUS\SDE.BLOCK2010,NH_AIAN,-1,-1;NH_ASIAN NH_ASIAN true true false 4 Long 0 7 ,First,#,Database Connections\Connection to 172.30.32.76.sde\SDE.CENSUS\SDE.BLOCK2010,NH_ASIAN,-1,-1;NH_NHOPI NH_NHOPI true true false 4 Long 0 7 ,First,#,Database Connections\Connection to 172.30.32.76.sde\SDE.CENSUS\SDE.BLOCK2010,NH_NHOPI,-1,-1;NH_OTHER NH_OTHER true true false 4 Long 0 7 ,First,#,Database Connections\Connection to 172.30.32.76.sde\SDE.CENSUS\SDE.BLOCK2010,NH_OTHER,-1,-1;NH_MULT_RA NH_MULT_RA true true false 4 Long 0 7 ,First,#,Database Connections\Connection to 172.30.32.76.sde\SDE.CENSUS\SDE.BLOCK2010,NH_MULT_RA,-1,-1;AREA AREA false false true 0 Double 0 0 ,First,#,Database Connections\Connection to 172.30.32.76.sde\SDE.CENSUS\SDE.BLOCK2010,SHAPE.AREA,-1,-1;LEN LEN false false true 0 Double 0 0 ,First,#,Database Connections\Connection to 172.30.32.76.sde\SDE.CENSUS\SDE.BLOCK2010,SHAPE.LEN,-1,-1" # I:\shp_files\Census2010\blk.shp</Process></lineage></DataProperties></Esri><idinfo><native Sync="TRUE">Microsoft Windows XP Version 5.1 (Build 2600) Service Pack 3; ESRI ArcCatalog 9.2.6.1500</native><descript><langdata Sync="TRUE">en</langdata><abstract>REQUIRED: A brief narrative summary of the data set.</abstract><purpose>REQUIRED: A summary of the intentions with which the data set was developed.</purpose></descript><citation><citeinfo><origin>REQUIRED: The name of an organization or individual that developed the data set.</origin><pubdate>REQUIRED: The date when the data set is published or otherwise made available for release.</pubdate><title Sync="TRUE">blk</title><ftname Sync="TRUE">blk</ftname><geoform Sync="TRUE">vector digital data</geoform><onlink Sync="TRUE">\\172.30.32.77\moco\shp_files\Census2010\blk.shp</onlink></citeinfo></citation><timeperd><current>REQUIRED: The basis on which the time period of content information is determined.</current><timeinfo><sngdate><caldate>REQUIRED: The year (and optionally month, or month and day) for which the data set corresponds to the ground.</caldate></sngdate></timeinfo></timeperd><status><progress>REQUIRED: The state of the data set.</progress><update>REQUIRED: The frequency with which changes and additions are made to the data set after the initial data set is completed.</update></status><spdom><bounding><westbc Sync="TRUE">REQUIRED: Western-most coordinate of the limit of coverage expressed in longitude.</westbc><eastbc Sync="TRUE">REQUIRED: Eastern-most coordinate of the limit of coverage expressed in longitude.</eastbc><northbc Sync="TRUE">REQUIRED: Northern-most coordinate of the limit of coverage expressed in latitude.</northbc><southbc Sync="TRUE">REQUIRED: Southern-most coordinate of the limit of coverage expressed in latitude.</southbc></bounding></spdom><keywords><theme><themekt>REQUIRED: Reference to a formally registered thesaurus or a similar authoritative source of theme keywords.</themekt><themekey>REQUIRED: Common-use word or phrase used to describe the subject of the data set.</themekey></theme></keywords><accconst>REQUIRED: Restrictions and legal prerequisites for accessing the data set.</accconst><useconst>REQUIRED: Restrictions and legal prerequisites for using the data set after access is granted.</useconst><natvform Sync="TRUE">Shapefile</natvform></idinfo><dataIdInfo><envirDesc Sync="TRUE">Microsoft Windows XP Version 5.1 (Build 2600) Service Pack 3; ESRI ArcCatalog 9.2.6.1500</envirDesc><dataLang><languageCode Sync="TRUE" value="en"></languageCode></dataLang><idCitation><resTitle Sync="TRUE">blk</resTitle><presForm><PresFormCd Sync="TRUE" value="005"></PresFormCd></presForm></idCitation><spatRpType><SpatRepTypCd Sync="TRUE" value="001"></SpatRepTypCd></spatRpType></dataIdInfo><metainfo><langmeta Sync="TRUE">en</langmeta><metstdn Sync="TRUE">FGDC Content Standards for Digital Geospatial Metadata</metstdn><metstdv Sync="TRUE">FGDC-STD-001-1998</metstdv><mettc Sync="TRUE">local time</mettc><metc><cntinfo><cntorgp><cntper>REQUIRED: The person responsible for the metadata information.</cntper><cntorg>REQUIRED: The organization responsible for the metadata information.</cntorg></cntorgp><cntaddr><addrtype>REQUIRED: The mailing and/or physical address for the organization or individual.</addrtype><city>REQUIRED: The city of the address.</city><state>REQUIRED: The state or province of the address.</state><postal>REQUIRED: The ZIP or other postal code of the address.</postal></cntaddr><cntvoice>REQUIRED: The telephone number by which individuals can speak to the organization or individual.</cntvoice></cntinfo></metc><metd Sync="TRUE">20110427</metd><metextns><onlink Sync="TRUE">http://www.esri.com/metadata/esriprof80.html</onlink><metprof Sync="TRUE">ESRI Metadata Profile</metprof></metextns></metainfo><mdLang><languageCode Sync="TRUE" value="en"></languageCode></mdLang><mdStanName Sync="TRUE">ISO 19115 Geographic Information - Metadata</mdStanName><mdStanVer Sync="TRUE">DIS_ESRI1.0</mdStanVer><mdChar><CharSetCd Sync="TRUE" value="004"></CharSetCd></mdChar><mdHrLv><ScopeCd Sync="TRUE" value="005"></ScopeCd></mdHrLv><mdHrLvName Sync="TRUE">dataset</mdHrLvName><distinfo><resdesc Sync="TRUE">Downloadable Data</resdesc><stdorder><digform><digtinfo><transize Sync="TRUE">0.000</transize><dssize Sync="TRUE">0.000</dssize></digtinfo></digform></stdorder></distinfo><distInfo><distributor><distorTran><onLineSrc><orDesc Sync="TRUE">002</orDesc><linkage Sync="TRUE">file://\\172.30.32.77\moco\shp_files\Census2010\blk.shp</linkage><protocol Sync="TRUE">Local Area Network</protocol></onLineSrc><transSize Sync="TRUE">0.000</transSize></distorTran><distorFormat><formatName Sync="TRUE">Shapefile</formatName></distorFormat></distributor></distInfo><spdoinfo><direct Sync="TRUE">Vector</direct><ptvctinf><esriterm Name="blk"><efeatyp Sync="TRUE">Simple</efeatyp><efeageom Sync="TRUE">Polygon</efeageom><esritopo Sync="TRUE">FALSE</esritopo><efeacnt Sync="TRUE">0</efeacnt><spindex Sync="TRUE">FALSE</spindex><linrefer Sync="TRUE">FALSE</linrefer></esriterm><sdtsterm Name="blk"><sdtstype Sync="TRUE">G-polygon</sdtstype><ptvctcnt Sync="TRUE">0</ptvctcnt></sdtsterm></ptvctinf></spdoinfo><spref><horizsys><cordsysn><geogcsn Sync="TRUE">GCS_North_American_1983</geogcsn><projcsn Sync="TRUE">NAD_1983_StatePlane_Maryland_FIPS_1900_Feet</projcsn></cordsysn><planar><planci><plance Sync="TRUE">coordinate pair</plance><plandu Sync="TRUE">survey feet</plandu><coordrep><absres Sync="TRUE">0.000000</absres><ordres Sync="TRUE">0.000000</ordres></coordrep></planci><mapproj><mapprojn Sync="TRUE">Lambert Conformal Conic</mapprojn><lambertc><stdparll Sync="TRUE">38.300000</stdparll><stdparll Sync="TRUE">39.450000</stdparll><longcm Sync="TRUE">-77.000000</longcm><latprjo Sync="TRUE">37.666667</latprjo><feast Sync="TRUE">1312333.333333</feast><fnorth Sync="TRUE">0.000000</fnorth></lambertc></mapproj></planar><geodetic><horizdn Sync="TRUE">North American Datum of 1983</horizdn><ellips Sync="TRUE">Geodetic Reference System 80</ellips><semiaxis Sync="TRUE">6378137.000000</semiaxis><denflat Sync="TRUE">298.257222</denflat></geodetic></horizsys><vertdef><altsys><altenc Sync="TRUE">Explicit elevation coordinate included with horizontal coordinates</altenc><altres Sync="TRUE">1.000000</altres></altsys></vertdef></spref><refSysInfo><RefSystem><refSysID><identCode Sync="TRUE">NAD_1983_StatePlane_Maryland_FIPS_1900_Feet</identCode></refSysID></RefSystem></refSysInfo><spatRepInfo><VectSpatRep><topLvl><TopoLevCd Sync="TRUE" value="001"></TopoLevCd></topLvl><geometObjs Name="blk"><geoObjTyp><GeoObjTypCd Sync="TRUE" value="001"></GeoObjTypCd></geoObjTyp><geoObjCnt Sync="TRUE">0</geoObjCnt></geometObjs></VectSpatRep></spatRepInfo><eainfo><detailed Name="blk"><enttyp><enttypl Sync="TRUE">blk</enttypl><enttypt Sync="TRUE">Feature Class</enttypt><enttypc Sync="TRUE">0</enttypc></enttyp><attr><attrlabl Sync="TRUE">OBJECTID</attrlabl><attalias Sync="TRUE">OBJECTID</attalias><attrtype Sync="TRUE">Double</attrtype><attwidth Sync="TRUE">8</attwidth><atprecis Sync="TRUE">10</atprecis><attscale Sync="TRUE">0</attscale></attr><attr><attrlabl Sync="TRUE">ALAND10</attrlabl><attalias Sync="TRUE">ALAND10</attalias><attrtype Sync="TRUE">Double</attrtype><attwidth Sync="TRUE">8</attwidth><atprecis Sync="TRUE">19</atprecis><attscale Sync="TRUE">8</attscale></attr><attr><attrlabl Sync="TRUE">AWATER10</attrlabl><attalias Sync="TRUE">AWATER10</attalias><attrtype Sync="TRUE">Number</attrtype><attwidth Sync="TRUE">10</attwidth></attr><attr><attrlabl Sync="TRUE">STUSAB</attrlabl><attalias Sync="TRUE">STUSAB</attalias><attrtype Sync="TRUE">Number</attrtype><attwidth Sync="TRUE">19</attwidth><atnumdec Sync="TRUE">8</atnumdec></attr><attr><attrlabl Sync="TRUE">SUMLEV</attrlabl><attalias Sync="TRUE">SUMLEV</attalias><attrtype Sync="TRUE">Number</attrtype><attwidth Sync="TRUE">19</attwidth><atnumdec Sync="TRUE">8</atnumdec></attr><attr><attrlabl Sync="TRUE">STATE</attrlabl><attalias Sync="TRUE">STATE</attalias><attrtype Sync="TRUE">String</attrtype><attwidth Sync="TRUE">2</attwidth></attr><attr><attrlabl Sync="TRUE">COUNTY</attrlabl><attalias Sync="TRUE">COUNTY</attalias><attrtype Sync="TRUE">String</attrtype><attwidth Sync="TRUE">6</attwidth></attr><attr><attrlabl Sync="TRUE">BLK2010</attrlabl><attalias Sync="TRUE">BLK2010</attalias><attrtype Sync="TRUE">String</attrtype><attwidth Sync="TRUE">6</attwidth></attr><attr><attrlabl Sync="TRUE">TRACT</attrlabl><attalias Sync="TRUE">TRACT</attalias><attrtype Sync="TRUE">String</attrtype><attwidth Sync="TRUE">6</attwidth></attr><attr><attrlabl Sync="TRUE">BLKGRP</attrlabl><attalias Sync="TRUE">BLKGRP</attalias><attrtype Sync="TRUE">String</attrtype><attwidth Sync="TRUE">16</attwidth></attr><attr><attrlabl Sync="TRUE">BLOCK</attrlabl><attalias Sync="TRUE">BLOCK</attalias><attrtype Sync="TRUE">String</attrtype><attwidth Sync="TRUE">8</attwidth></attr><attr><attrlabl Sync="TRUE">NAME</attrlabl><attalias Sync="TRUE">NAME</attalias><attrtype Sync="TRUE">String</attrtype><attwidth Sync="TRUE">6</attwidth></attr><attr><attrlabl Sync="TRUE">LATITUDE</attrlabl><attalias Sync="TRUE">LATITUDE</attalias><attrtype Sync="TRUE">String</attrtype><attwidth Sync="TRUE">5</attwidth></attr><attr><attrlabl Sync="TRUE">LONGITUDE</attrlabl><attalias Sync="TRUE">LONGITUDE</attalias><attrtype Sync="TRUE">String</attrtype><attwidth Sync="TRUE">24</attwidth></attr><attr><attrlabl Sync="TRUE">TOTAL</attrlabl><attalias Sync="TRUE">TOTAL</attalias><attrtype Sync="TRUE">String</attrtype><attwidth Sync="TRUE">24</attwidth></attr><attr><attrlabl Sync="TRUE">ONE_RACE</attrlabl><attalias Sync="TRUE">ONE_RACE</attalias><attrtype Sync="TRUE">String</attrtype><attwidth Sync="TRUE">15</attwidth></attr><attr><attrlabl Sync="TRUE">WHITE</attrlabl><attalias Sync="TRUE">WHITE</attalias><attrtype Sync="TRUE">Number</attrtype><attwidth Sync="TRUE">7</attwidth></attr><attr><attrlabl Sync="TRUE">BLACK</attrlabl><attalias Sync="TRUE">BLACK</attalias><attrtype Sync="TRUE">Number</attrtype><attwidth Sync="TRUE">7</attwidth></attr><attr><attrlabl Sync="TRUE">AIAN</attrlabl><attalias Sync="TRUE">AIAN</attalias><attrtype Sync="TRUE">Number</attrtype><attwidth Sync="TRUE">7</attwidth></attr><attr><attrlabl Sync="TRUE">ASIAN</attrlabl><attalias Sync="TRUE">ASIAN</attalias><attrtype Sync="TRUE">Number</attrtype><attwidth Sync="TRUE">7</attwidth></attr><attr><attrlabl Sync="TRUE">NHOPI</attrlabl><attalias Sync="TRUE">NHOPI</attalias><attrtype Sync="TRUE">Number</attrtype><attwidth Sync="TRUE">7</attwidth></attr><attr><attrlabl Sync="TRUE">OTHER</attrlabl><attalias Sync="TRUE">OTHER</attalias><attrtype Sync="TRUE">Number</attrtype><attwidth Sync="TRUE">7</attwidth></attr><attr><attrlabl Sync="TRUE">MULT_RACE</attrlabl><attalias Sync="TRUE">MULT_RACE</attalias><attrtype Sync="TRUE">Number</attrtype><attwidth Sync="TRUE">7</attwidth></attr><attr><attrlabl Sync="TRUE">HL</attrlabl><attalias Sync="TRUE">HL</attalias><attrtype Sync="TRUE">Number</attrtype><attwidth Sync="TRUE">7</attwidth></attr><attr><attrlabl Sync="TRUE">NHL</attrlabl><attalias Sync="TRUE">NHL</attalias><attrtype Sync="TRUE">Number</attrtype><attwidth Sync="TRUE">7</attwidth></attr><attr><attrlabl Sync="TRUE">NH_WHITE</attrlabl><attalias Sync="TRUE">NH_WHITE</attalias><attrtype Sync="TRUE">Number</attrtype><attwidth Sync="TRUE">7</attwidth></attr><attr><attrlabl Sync="TRUE">NH_BLACK</attrlabl><attalias Sync="TRUE">NH_BLACK</attalias><attrtype Sync="TRUE">Number</attrtype><attwidth Sync="TRUE">7</attwidth></attr><attr><attrlabl Sync="TRUE">NH_AIAN</attrlabl><attalias Sync="TRUE">NH_AIAN</attalias><attrtype Sync="TRUE">Number</attrtype><attwidth Sync="TRUE">7</attwidth></attr><attr><attrlabl Sync="TRUE">NH_ASIAN</attrlabl><attalias Sync="TRUE">NH_ASIAN</attalias><attrtype Sync="TRUE">Number</attrtype><attwidth Sync="TRUE">7</attwidth></attr><attr><attrlabl Sync="TRUE">NH_NHOPI</attrlabl><attalias Sync="TRUE">NH_NHOPI</attalias><attrtype Sync="TRUE">Number</attrtype><attwidth Sync="TRUE">7</attwidth></attr><attr><attrlabl Sync="TRUE">NH_MULT_RA</attrlabl><attalias Sync="TRUE">NH_MULT_RA</attalias><attrtype Sync="TRUE">Number</attrtype><attwidth Sync="TRUE">7</attwidth></attr><attr><attrlabl Sync="TRUE">FID</attrlabl><attalias Sync="TRUE">FID</attalias><attrtype Sync="TRUE">Number</attrtype><attwidth Sync="TRUE">7</attwidth><attrdef Sync="TRUE">Internal feature number.</attrdef><attrdefs Sync="TRUE">ESRI</attrdefs><attrdomv><udom Sync="TRUE">Sequential unique whole numbers that are automatically generated.</udom></attrdomv></attr><attr><attrlabl Sync="TRUE">NH_OTHER</attrlabl><attalias Sync="TRUE">NH_OTHER</attalias><attrtype Sync="TRUE">Number</attrtype><attwidth Sync="TRUE">7</attwidth></attr><attr><attrlabl Sync="TRUE">SHAPE</attrlabl><attalias Sync="TRUE">Shape</attalias><attrtype Sync="TRUE">Number</attrtype><attwidth Sync="TRUE">7</attwidth><attrdef Sync="TRUE">Feature geometry.</attrdef><attrdefs Sync="TRUE">ESRI</attrdefs><attrdomv><udom Sync="TRUE">Coordinates defining the features.</udom></attrdomv></attr><attr><attrlabl Sync="TRUE">Shape</attrlabl><attalias Sync="TRUE">Shape</attalias><attrtype Sync="TRUE">Float</attrtype><attwidth Sync="TRUE">19</attwidth><attrdef Sync="TRUE">Feature geometry.</attrdef><attrdefs Sync="TRUE">ESRI</attrdefs><attrdomv><udom Sync="TRUE">Coordinates defining the features.</udom></attrdomv><atnumdec Sync="TRUE">11</atnumdec></attr><attr><attrlabl Sync="TRUE">AREA</attrlabl><attalias Sync="TRUE">AREA</attalias><attrtype Sync="TRUE">Float</attrtype><attwidth Sync="TRUE">19</attwidth><atnumdec Sync="TRUE">11</atnumdec></attr><attr><attrlabl Sync="TRUE">LEN</attrlabl><attalias Sync="TRUE">LEN</attalias><attrtype Sync="TRUE">Double</attrtype><attwidth Sync="TRUE">19</attwidth><atprecis Sync="TRUE">0</atprecis><attscale Sync="TRUE">0</attscale></attr></detailed></eainfo><mdDateSt Sync="TRUE">20110427</mdDateSt></metadata>
