<?xml version="1.0" encoding="UTF-8"?>
<metadata xml:lang="en"><Esri><CreaDate>20160128</CreaDate><CreaTime>15450800</CreaTime><ArcGISFormat>1.0</ArcGISFormat><SyncOnce>TRUE</SyncOnce><DataProperties><lineage><Process ToolSource="c:\program files (x86)\arcgis\desktop10.2\ArcToolbox\Toolboxes\Conversion Tools.tbx\FeatureClassToFeatureClass" Date="20150505" Time="104815">FeatureClassToFeatureClass zipvic "Database Connections\MCP-GISDB3-GIS1 default.sde\GIS1.boundaries" Zipcode911 # "ZIPCODE "ZIPCODE" true true false 5 Long 0 5 ,First,#,C:\ArcGIS\Data\Addressing\VickyZipcode\zipvic.shp,zipvic.ZIPCODE,-1,-1;CITY "CITY" true true false 255 Text 0 0 ,First,#,C:\ArcGIS\Data\Addressing\VickyZipcode\zipvic.shp,cityzip1$.CITY,-1,-1" #</Process></lineage></DataProperties></Esri></metadata>
