<?xml version="1.0"?>
<!--<!DOCTYPE metadata SYSTEM "http://www.esri.com/metadata/esriprof80.dtd">-->
<metadata xml:lang="en"><Esri><CreaDate>20130222</CreaDate><CreaTime>13042300</CreaTime><SyncOnce>FALSE</SyncOnce><SyncDate>20130703</SyncDate><SyncTime>14301200</SyncTime><ModDate>20130703</ModDate><ModTime>14301200</ModTime><DataProperties><lineage><Process Name="AddXY_3" ToolSource="C:\Program Files\ArcGIS\ArcToolbox\Toolboxes\Data Management Tools.tbx\AddXY" Date="20080710" Time="103103">AddXY K:\moco13\PLOI_Charla.mdb\Police_Station K:\moco13\PLOI_Charla.mdb\Police_Station</Process><Process ToolSource="c:\program files (x86)\arcgis\desktop10.0\ArcToolbox\Toolboxes\Conversion Tools.tbx\FeatureClassToFeatureClass" Date="20130703" Time="143012">FeatureClassToFeatureClass "K:\moco13\Master PLOI.mdb\Police_Station" I:\shp_files\places police_station.shp # "CATEGORY "CATEGORY" true true false 80 Text 0 0 ,First,#,K:\moco13\Master PLOI.mdb\Police_Station,CATEGORY,-1,-1;NAME "NAME" true true false 48 Text 0 0 ,First,#,K:\moco13\Master PLOI.mdb\Police_Station,NAME,-1,-1;ADDRESS "ADDRESS" true true false 254 Text 0 0 ,First,#,K:\moco13\Master PLOI.mdb\Police_Station,ADDRESS,-1,-1;CITY "CITY" true true false 250 Text 0 0 ,First,#,K:\moco13\Master PLOI.mdb\Police_Station,CITY,-1,-1;ZIPCODE "ZIPCODE" true true false 12 Text 0 0 ,First,#,K:\moco13\Master PLOI.mdb\Police_Station,ZIPCODE,-1,-1;PHONE "PHONE" true true false 16 Text 0 0 ,First,#,K:\moco13\Master PLOI.mdb\Police_Station,PHONE,-1,-1;URL "URL" true true false 254 Text 0 0 ,First,#,K:\moco13\Master PLOI.mdb\Police_Station,URL,-1,-1;DATA "DATA" true true false 50 Text 0 0 ,First,#,K:\moco13\Master PLOI.mdb\Police_Station,DATA,-1,-1;ST_NUM "ST_NUM" true true false 4 Long 0 0 ,First,#,K:\moco13\Master PLOI.mdb\Police_Station,ST_NUM,-1,-1;PRE_DIR "PRE_DIR" true true false 2 Text 0 0 ,First,#,K:\moco13\Master PLOI.mdb\Police_Station,PRE_DIR,-1,-1;STREET_NAM "STREET_NAM" true true false 50 Text 0 0 ,First,#,K:\moco13\Master PLOI.mdb\Police_Station,STREET_NAME,-1,-1;STREET_TYP "STREET_TYP" true true false 4 Text 0 0 ,First,#,K:\moco13\Master PLOI.mdb\Police_Station,STREET_TYPE,-1,-1;SUF_DIR "SUF_DIR" true true false 2 Text 0 0 ,First,#,K:\moco13\Master PLOI.mdb\Police_Station,SUF_DIR,-1,-1;POINT_X "POINT_X" true true false 8 Double 0 0 ,First,#,K:\moco13\Master PLOI.mdb\Police_Station,POINT_X,-1,-1;POINT_Y "POINT_Y" true true false 8 Double 0 0 ,First,#,K:\moco13\Master PLOI.mdb\Police_Station,POINT_Y,-1,-1" #</Process></lineage><itemProps><itemLocation><linkage Sync="TRUE">file://\\gis-db4\moco\shp_files\places\police_station.shp</linkage><protocol Sync="TRUE">Local Area Network</protocol></itemLocation><itemName Sync="TRUE">police_station</itemName><imsContentType Sync="TRUE">002</imsContentType><itemSize Sync="TRUE">0.000</itemSize></itemProps><coordRef><type Sync="TRUE">Projected</type><geogcsn Sync="TRUE">GCS_North_American_1983</geogcsn><csUnits Sync="TRUE">Linear Unit: Foot_US (0.304801)</csUnits><projcsn Sync="TRUE">NAD_1983_StatePlane_Maryland_FIPS_1900_Feet</projcsn><peXml Sync="TRUE">&lt;ProjectedCoordinateSystem xsi:type='typens:ProjectedCoordinateSystem' xmlns:xsi='http://www.w3.org/2001/XMLSchema-instance' xmlns:xs='http://www.w3.org/2001/XMLSchema' xmlns:typens='http://www.esri.com/schemas/ArcGIS/10.0'&gt;&lt;WKT&gt;PROJCS[&amp;quot;NAD_1983_StatePlane_Maryland_FIPS_1900_Feet&amp;quot;,GEOGCS[&amp;quot;GCS_North_American_1983&amp;quot;,DATUM[&amp;quot;D_North_American_1983&amp;quot;,SPHEROID[&amp;quot;GRS_1980&amp;quot;,6378137.0,298.257222101]],PRIMEM[&amp;quot;Greenwich&amp;quot;,0.0],UNIT[&amp;quot;Degree&amp;quot;,0.0174532925199433]],PROJECTION[&amp;quot;Lambert_Conformal_Conic&amp;quot;],PARAMETER[&amp;quot;False_Easting&amp;quot;,1312333.333333333],PARAMETER[&amp;quot;False_Northing&amp;quot;,0.0],PARAMETER[&amp;quot;Central_Meridian&amp;quot;,-77.0],PARAMETER[&amp;quot;Standard_Parallel_1&amp;quot;,38.3],PARAMETER[&amp;quot;Standard_Parallel_2&amp;quot;,39.45],PARAMETER[&amp;quot;Latitude_Of_Origin&amp;quot;,37.66666666666666],UNIT[&amp;quot;Foot_US&amp;quot;,0.3048006096012192],AUTHORITY[&amp;quot;EPSG&amp;quot;,2248]]&lt;/WKT&gt;&lt;XOrigin&gt;-120561100&lt;/XOrigin&gt;&lt;YOrigin&gt;-95444400&lt;/YOrigin&gt;&lt;XYScale&gt;36953082.294548117&lt;/XYScale&gt;&lt;ZOrigin&gt;-100000&lt;/ZOrigin&gt;&lt;ZScale&gt;10000&lt;/ZScale&gt;&lt;MOrigin&gt;-100000&lt;/MOrigin&gt;&lt;MScale&gt;10000&lt;/MScale&gt;&lt;XYTolerance&gt;0.0032808333333333335&lt;/XYTolerance&gt;&lt;ZTolerance&gt;0.001&lt;/ZTolerance&gt;&lt;MTolerance&gt;0.001&lt;/MTolerance&gt;&lt;HighPrecision&gt;true&lt;/HighPrecision&gt;&lt;WKID&gt;2248&lt;/WKID&gt;&lt;/ProjectedCoordinateSystem&gt;</peXml></coordRef></DataProperties><ArcGISFormat>1.0</ArcGISFormat></Esri><idinfo><native Sync="TRUE">Microsoft Windows XP Version 5.1 (Build 2600) Service Pack 2; ESRI ArcCatalog 9.2.6.1500</native><descript><langdata Sync="TRUE">en</langdata><abstract>This dataset includes Federal, State, County and local police facilities located within Montgomery County. It was developed and is maintained by DTS-GIS. This dataset satisfies County basemap accuracy requirements (1:2400) and is included in the Places of Interest Guide.</abstract><purpose>This data is used both by Government and the public.The Places of Interest Guide can be used to find a Place of Interest within Montgomery County, Maryland by address, by title, by place name or city, or by category. Once you've located the place of interest, then you can generate travel directions, time estimates, maps and distances.</purpose></descript><citation><citeinfo><origin>DTS-GIS</origin><pubdate>20040810</pubdate><title>Montgomery County, Maryland Police Facilities</title><ftname Sync="TRUE">Police_Facility</ftname><geoform Sync="TRUE">vector digital data</geoform><onlink>http://gis3.montgomerycountymd.gov/maps/</onlink><pubinfo><pubplace>Rockville</pubplace><publish>DTS-GIS</publish></pubinfo></citeinfo></citation><timeperd><current>publication date</current><timeinfo><sngdate><caldate>20090311</caldate></sngdate></timeinfo></timeperd><status><progress>Complete</progress><update>As needed</update></status><spdom><bounding><westbc Sync="TRUE">-77.451228</westbc><eastbc Sync="TRUE">-76.943712</eastbc><northbc Sync="TRUE">39.263913</northbc><southbc Sync="TRUE">38.962450</southbc></bounding><lboundng><leftbc Sync="TRUE">1184571.519804</leftbc><rightbc Sync="TRUE">1328270.624962</rightbc><bottombc Sync="TRUE">472222.414106</bottombc><topbc Sync="TRUE">581705.437568</topbc></lboundng></spdom><keywords><theme><themekt>Montgomery County, MD Geographic Keywords List</themekt><themekey>Police</themekey><themekey>Public Safety</themekey></theme><place><placekt>None</placekt><placekey>Montgomery County, Maryland</placekey></place></keywords><accconst>Public access available through County Map Viewers. County employee access available through the GIS Enterprise Server.</accconst><useconst>Acknowledge source: DTS-GIS</useconst><natvform Sync="TRUE">Personal GeoDatabase Feature Class</natvform><ptcontac><cntinfo><cntperp><cntper>Apollo Teng</cntper><cntorg>Montgomery County Government</cntorg></cntperp><cntpos>GIS Manager</cntpos><cntaddr><addrtype>mailing and physical address</addrtype><address>21 Maryland Ave, Suite 340</address><city>Rockville</city><state>MD</state><postal>20850</postal><country>USA</country></cntaddr><cntvoice>240-777-2883</cntvoice><cntfax>240-777-2909</cntfax><cntemail>apollo.teng@montgomerycountymd.gov</cntemail><hours>9 AM to 5 PM Monday - Friday</hours></cntinfo></ptcontac></idinfo><dataIdInfo><envirDesc Sync="TRUE">Microsoft Windows 7 Version 6.1 (Build 7601) Service Pack 1; ESRI ArcGIS 10.0.4.4000</envirDesc><dataLang><languageCode Sync="TRUE" value="eng"></languageCode><countryCode value="USA" Sync="TRUE"></countryCode></dataLang><idCitation><resTitle Sync="TRUE">police_station</resTitle><presForm><PresFormCd Sync="TRUE" value="005"></PresFormCd></presForm></idCitation><spatRpType><SpatRepTypCd Sync="TRUE" value="001"></SpatRepTypCd></spatRpType><dataExt><geoEle><GeoBndBox esriExtentType="native"><westBL Sync="TRUE">1184571.519804</westBL><eastBL Sync="TRUE">1328270.624962</eastBL><northBL Sync="TRUE">581705.437568</northBL><southBL Sync="TRUE">472222.414106</southBL><exTypeCode Sync="TRUE">1</exTypeCode></GeoBndBox></geoEle></dataExt><geoBox esriExtentType="decdegrees"><westBL Sync="TRUE">-77.451228</westBL><eastBL Sync="TRUE">-76.943712</eastBL><northBL Sync="TRUE">39.263913</northBL><southBL Sync="TRUE">38.96245</southBL><exTypeCode Sync="TRUE">1</exTypeCode></geoBox></dataIdInfo><metainfo><langmeta Sync="TRUE">en</langmeta><metstdn Sync="TRUE">FGDC Content Standards for Digital Geospatial Metadata</metstdn><metstdv Sync="TRUE">FGDC-STD-001-1998</metstdv><mettc Sync="TRUE">local time</mettc><metc><cntinfo><cntaddr><addrtype>mailing and physical address</addrtype><city>Rockville</city><state>MD</state><postal>20850</postal><address>21 Maryland Ave, Suite 340</address><country>USA</country></cntaddr><cntvoice>240-777-2883</cntvoice><cntperp><cntper>Apollo Teng</cntper><cntorg>Montgomery County Government</cntorg></cntperp><cntpos>GIS Manager</cntpos><cntfax>240-777-2909</cntfax><cntemail>apollo.teng@montgomerycountymd.gov</cntemail><hours>9 AM to 5 PM Monday - Friday</hours></cntinfo></metc><metd Sync="TRUE">20090319</metd><metrd>20040810</metrd></metainfo><mdLang><languageCode Sync="TRUE" value="eng"></languageCode><countryCode value="USA" Sync="TRUE"></countryCode></mdLang><mdStanName Sync="TRUE">ISO 19115 Geographic Information - Metadata</mdStanName><mdStanVer Sync="TRUE">DIS_ESRI1.0</mdStanVer><mdChar><CharSetCd Sync="TRUE" value="004"></CharSetCd></mdChar><mdHrLv><ScopeCd Sync="TRUE" value="005"></ScopeCd></mdHrLv><mdHrLvName Sync="TRUE">dataset</mdHrLvName><distinfo><distrib><cntinfo><cntperp><cntper>Apollo Teng</cntper><cntorg>Montgomery County Government</cntorg></cntperp><cntpos>GIS Manager</cntpos><cntaddr><addrtype>mailing and physical address</addrtype><address>21 Maryland Ave, Suite 340</address><city>Rockville</city><state>MD</state><postal>20850</postal><country>USA</country></cntaddr><cntvoice>240-777-2883</cntvoice><cntfax>240-777-2909</cntfax><cntemail>apollo.teng@montgomerycountymd.gov</cntemail><hours>9 AM to 5 PM Monday - Friday</hours></cntinfo></distrib><distliab>The information depicted in this GIS layer is the result of digital analyses performed on a database consisting of information from a variety of governmental and other credible sources.  The accuracy of the information presented is limited to the collective accuracy of the database on the date of the analysis.  The information is believed accurate and reasonable efforts have been made to ensure the accuracy of the data.  However, the Montgomery County Government expressly disclaims responsibility for damages or liability that may arise from use of this data.  This product is the property of the Montgomery County Government and its use is thereby restricted.</distliab><resdesc Sync="TRUE">Downloadable Data</resdesc></distinfo><distInfo><distributor><distorTran><onLineSrc><orDesc Sync="TRUE">002</orDesc><linkage Sync="TRUE">file://\\gis-db9\moco99\moco13\Master PLOI.mdb</linkage><protocol Sync="TRUE">Local Area Network</protocol></onLineSrc></distorTran><distorFormat><formatName Sync="TRUE">Personal GeoDatabase Feature Class</formatName></distorFormat></distributor><distFormat><formatName Sync="TRUE">Shapefile</formatName></distFormat><distTranOps><transSize Sync="TRUE">0.000</transSize></distTranOps></distInfo><spdoinfo><direct Sync="TRUE">Vector</direct><ptvctinf><esriterm><efeatyp Sync="TRUE">Simple</efeatyp><efeageom code="1" Sync="TRUE"></efeageom><esritopo Sync="TRUE">FALSE</esritopo><efeacnt Sync="TRUE">0</efeacnt><spindex Sync="TRUE">FALSE</spindex><linrefer Sync="TRUE">FALSE</linrefer></esriterm></ptvctinf></spdoinfo><spref><horizsys><cordsysn><geogcsn Sync="TRUE">GCS_North_American_1983</geogcsn><projcsn Sync="TRUE">NAD_1983_StatePlane_Maryland_FIPS_1900_Feet</projcsn></cordsysn><planar><planci><plance Sync="TRUE">coordinate pair</plance><plandu Sync="TRUE">survey feet</plandu><coordrep><absres Sync="TRUE">0.000256</absres><ordres Sync="TRUE">0.000256</ordres></coordrep></planci></planar><geodetic><horizdn Sync="TRUE">North American Datum of 1983</horizdn><ellips Sync="TRUE">Geodetic Reference System 80</ellips><semiaxis Sync="TRUE">6378137.000000</semiaxis><denflat Sync="TRUE">298.257222</denflat></geodetic></horizsys><vertdef><altsys><altenc Sync="TRUE">Explicit elevation coordinate included with horizontal coordinates</altenc><altres Sync="TRUE">1.000000</altres></altsys></vertdef></spref><refSysInfo><RefSystem><refSysID><identCode Sync="TRUE" value="2248">NAD_1983_StatePlane_Maryland_FIPS_1900_Feet</identCode><idCodeSpace Sync="TRUE">EPSG</idCodeSpace><idVersion Sync="TRUE">7.4.1</idVersion></refSysID></RefSystem></refSysInfo><spatRepInfo><VectSpatRep><geometObjs Name="police_station"><geoObjTyp><GeoObjTypCd value="004" Sync="TRUE"></GeoObjTypCd></geoObjTyp><geoObjCnt Sync="TRUE">0</geoObjCnt></geometObjs><topLvl><TopoLevCd value="001" Sync="TRUE"></TopoLevCd></topLvl></VectSpatRep></spatRepInfo><eainfo><detailed Name="police_station"><enttyp><enttypl Sync="TRUE">police_station</enttypl><enttypt Sync="TRUE">Feature Class</enttypt><enttypc Sync="TRUE">0</enttypc><enttypd>Montgomery County Police Facilities</enttypd><enttypds>DTS-GIS</enttypds></enttyp><attr><attrlabl Sync="TRUE">FID</attrlabl><attalias Sync="TRUE">FID</attalias><attrtype Sync="TRUE">OID</attrtype><attwidth Sync="TRUE">4</attwidth><atprecis Sync="TRUE">0</atprecis><attscale Sync="TRUE">0</attscale><attrdef Sync="TRUE">Internal feature number.</attrdef><attrdefs Sync="TRUE">ESRI</attrdefs><attrdomv><udom Sync="TRUE">Sequential unique whole numbers that are automatically generated.</udom></attrdomv></attr><attr><attrlabl Sync="TRUE">CATEGORY</attrlabl><attalias Sync="TRUE">CATEGORY</attalias><attrtype Sync="TRUE">String</attrtype><attwidth Sync="TRUE">80</attwidth><atprecis Sync="TRUE">0</atprecis><attscale Sync="TRUE">0</attscale><attrdef>Police </attrdef><attrdefs>DTS-GIS</attrdefs></attr><attr><attrlabl Sync="TRUE">NAME</attrlabl><attalias Sync="TRUE">NAME</attalias><attrtype Sync="TRUE">String</attrtype><attwidth Sync="TRUE">48</attwidth><atprecis Sync="TRUE">0</atprecis><attscale Sync="TRUE">0</attscale><attrdef>Police Stations</attrdef><attrdefs>DTS-GIS</attrdefs></attr><attr><attrlabl Sync="TRUE">ADDRESS</attrlabl><attalias Sync="TRUE">ADDRESS</attalias><attrtype Sync="TRUE">String</attrtype><attwidth Sync="TRUE">254</attwidth><atprecis Sync="TRUE">0</atprecis><attscale Sync="TRUE">0</attscale><attrdef>Street Name</attrdef><attrdefs>DTS-GIS</attrdefs></attr><attr><attrlabl Sync="TRUE">CITY</attrlabl><attalias Sync="TRUE">CITY</attalias><attrtype Sync="TRUE">String</attrtype><attwidth Sync="TRUE">250</attwidth><atprecis Sync="TRUE">0</atprecis><attscale Sync="TRUE">0</attscale><attrdef>City Name</attrdef><attrdefs>DTS-GIS</attrdefs></attr><attr><attrlabl Sync="TRUE">ZIPCODE</attrlabl><attalias Sync="TRUE">ZIPCODE</attalias><attrtype Sync="TRUE">String</attrtype><attwidth Sync="TRUE">12</attwidth><atprecis Sync="TRUE">0</atprecis><attscale Sync="TRUE">0</attscale><attrdef>Zipcode</attrdef><attrdefs>DTS-GIS</attrdefs></attr><attr><attrlabl Sync="TRUE">PHONE</attrlabl><attalias Sync="TRUE">PHONE</attalias><attrtype Sync="TRUE">String</attrtype><attwidth Sync="TRUE">16</attwidth><atprecis Sync="TRUE">0</atprecis><attscale Sync="TRUE">0</attscale><attrdef>Phone Number</attrdef><attrdefs>DTS-GIS</attrdefs></attr><attr><attrlabl Sync="TRUE">URL</attrlabl><attalias Sync="TRUE">URL</attalias><attrtype Sync="TRUE">String</attrtype><attwidth Sync="TRUE">254</attwidth><atprecis Sync="TRUE">0</atprecis><attscale Sync="TRUE">0</attscale><attrdef>Website</attrdef><attrdefs>DTS-GIS</attrdefs></attr><attr><attrlabl Sync="TRUE">SHAPE</attrlabl><attalias Sync="TRUE">Shape</attalias><attrtype Sync="TRUE">Geometry</attrtype><attwidth Sync="TRUE">0</attwidth><atprecis Sync="TRUE">0</atprecis><attscale Sync="TRUE">0</attscale><attrdef Sync="TRUE">Feature geometry.</attrdef><attrdefs Sync="TRUE">ESRI</attrdefs><attrdomv><udom Sync="TRUE">Coordinates defining the features.</udom></attrdomv></attr><attr><attrlabl Sync="TRUE">DATA</attrlabl><attalias Sync="TRUE">DATA</attalias><attrtype Sync="TRUE">String</attrtype><attwidth Sync="TRUE">50</attwidth><atprecis Sync="TRUE">0</atprecis><attscale Sync="TRUE">0</attscale></attr><attr><attrlabl Sync="TRUE">ST_NUM</attrlabl><attalias Sync="TRUE">ST_NUM</attalias><attrtype Sync="TRUE">Integer</attrtype><attwidth Sync="TRUE">9</attwidth><atprecis Sync="TRUE">9</atprecis><attscale Sync="TRUE">0</attscale></attr><attr><attrlabl Sync="TRUE">PRE_DIR</attrlabl><attalias Sync="TRUE">PRE_DIR</attalias><attrtype Sync="TRUE">String</attrtype><attwidth Sync="TRUE">2</attwidth><atprecis Sync="TRUE">0</atprecis><attscale Sync="TRUE">0</attscale></attr><attr><attrlabl Sync="TRUE">STREET_NAM</attrlabl><attalias Sync="TRUE">STREET_NAM</attalias><attrtype Sync="TRUE">String</attrtype><attwidth Sync="TRUE">50</attwidth><atprecis Sync="TRUE">0</atprecis><attscale Sync="TRUE">0</attscale></attr><attr><attrlabl Sync="TRUE">STREET_TYP</attrlabl><attalias Sync="TRUE">STREET_TYP</attalias><attrtype Sync="TRUE">String</attrtype><attwidth Sync="TRUE">4</attwidth><atprecis Sync="TRUE">0</atprecis><attscale Sync="TRUE">0</attscale></attr><attr><attrlabl Sync="TRUE">SUF_DIR</attrlabl><attalias Sync="TRUE">SUF_DIR</attalias><attrtype Sync="TRUE">String</attrtype><attwidth Sync="TRUE">2</attwidth><atprecis Sync="TRUE">0</atprecis><attscale Sync="TRUE">0</attscale></attr><attr><attrlabl Sync="TRUE">POINT_X</attrlabl><attalias Sync="TRUE">POINT_X</attalias><attrtype Sync="TRUE">Double</attrtype><attwidth Sync="TRUE">19</attwidth><atprecis Sync="TRUE">0</atprecis><attscale Sync="TRUE">0</attscale></attr><attr><attrlabl Sync="TRUE">POINT_Y</attrlabl><attalias Sync="TRUE">POINT_Y</attalias><attrtype Sync="TRUE">Double</attrtype><attwidth Sync="TRUE">19</attwidth><atprecis Sync="TRUE">0</atprecis><attscale Sync="TRUE">0</attscale></attr></detailed></eainfo><mdDateSt Sync="TRUE">20130703</mdDateSt><dataqual><complete>Data set has been inspected by DTS-GIS to ensure data quality. </complete><lineage><procstep><procdesc Sync="TRUE">Dataset copied.</procdesc><srcused Sync="TRUE">Server=gis-db3; Service=esri_sde83; User=web; Version=SDE.DEFAULT</srcused><date Sync="TRUE">20040813</date><time Sync="TRUE">12080000</time></procstep><procstep><procdesc Sync="TRUE">Dataset copied.</procdesc><srcused Sync="TRUE">\\aims\data\allen\ploi04.mdb</srcused><date Sync="TRUE">20040929</date><time Sync="TRUE">14394700</time></procstep><procstep><procdesc Sync="TRUE">Dataset copied.</procdesc><srcused Sync="TRUE">\\aims\data\bsploi.mdb</srcused><date Sync="TRUE">20050128</date><time Sync="TRUE">10085800</time></procstep><procstep><procdesc Sync="TRUE">Dataset copied.</procdesc><srcused Sync="TRUE">\\aims\data\PLOI_Tim.mdb</srcused><date Sync="TRUE">20050210</date><time Sync="TRUE">12162400</time></procstep><procstep><procdesc Sync="TRUE">Dataset copied.</procdesc><srcused Sync="TRUE">\\gis-db9\moco99\moco13\PLOI_Charla.mdb</srcused><date Sync="TRUE">20090129</date><time Sync="TRUE">14325300</time></procstep></lineage></dataqual></metadata>
